{"cameraMode":{"drawMode":0,"name":"Shaded","section":"Shading Mode"},"sceneLighting":true,"audioPlay":false,"sceneViewState":{"showFog":true,"showMaterialUpdate":false,"showSkybox":true,"showFlares":true,"showImageEffects":true,"showParticleSystems":true,"showVisualEffectGraphs":true,"m_FxEnabled":true},"in2DMode":false,"pivot":{"x":-0.04944920539855957,"y":-0.19417321681976319,"z":-0.7924182415008545},"rotation":{"x":0.25430890917778017,"y":0.09122473746538162,"z":-0.024107012897729875,"w":0.9625181555747986},"size":5.990844249725342,"orthographic":false}